{"actions":[],"apps":[{"acl":{"app":[],"field":[],"record":[]},"app":null,"category":{"categories":[],"useCategory":"false"},"form":{"layout":"[{\"id\":null,\"type\":\"ROW\",\"isSubTable\":false,\"var\":null,\"controlList\":[{\"isVirtical\":true,\"styleMap\":{\"width\":514},\"type\":\"SINGLE_LINE_TEXT\",\"var\":\"Title\",\"label\":\"Title\"}]},{\"id\":null,\"type\":\"ROW\",\"isSubTable\":false,\"var\":null,\"controlList\":[{\"isVirtical\":true,\"styleMap\":{\"width\":280},\"type\":\"SINGLE_CHECK\",\"var\":\"Radio_Button\",\"label\":\"Type\",\"align\":\"horizontal\"}]},{\"id\":null,\"type\":\"ROW\",\"isSubTable\":false,\"var\":null,\"controlList\":[{\"isVirtical\":true,\"styleMap\":{\"width\":508,\"height\":121,\"innerHeight\":84},\"type\":\"MULTIPLE_LINE_TEXT\",\"var\":\"Memo\",\"label\":\"Memo\"}]},{\"id\":null,\"type\":\"ROW\",\"isSubTable\":false,\"var\":null,\"controlList\":[{\"styleMap\":{\"width\":508,\"height\":335},\"elementId\":\"Space\",\"type\":\"SPACER\"}]},{\"id\":null,\"type\":\"ROW\",\"isSubTable\":false,\"var\":null,\"controlList\":[{\"isVirtical\":true,\"styleMap\":{\"width\":514},\"type\":\"SINGLE_LINE_TEXT\",\"var\":\"Address\",\"label\":\"Address\"}]},{\"id\":null,\"type\":\"ROW\",\"isSubTable\":false,\"var\":null,\"controlList\":[{\"isVirtical\":true,\"styleMap\":{\"width\":193},\"type\":\"SINGLE_LINE_TEXT\",\"var\":\"Lat\",\"label\":\"Lat\"},{\"isVirtical\":true,\"styleMap\":{\"width\":193},\"type\":\"SINGLE_LINE_TEXT\",\"var\":\"Lng\",\"label\":\"Lng\"}]}]","revision":null},"iconMeta":null,"info":{"code":null,"decimalPrecision":"16","decimalScale":"4","description":"\u003Cdiv\u003E\u003Cbr /\u003E\u003C/div\u003E","enableBulkDeletion":"false","fiscalYearStartMonth":"4","iconKey":"APP39","iconType":"PRESET","jsFiles":null,"jsScope":"ALL","name":"TimeMap OSM","roundingMode":"HALF_EVEN","theme":"PLAIN","titleComponentLocalId":"7257","useComment":"true","useHistory":"true","useThumbnail":"true"},"jsFiles":[{"jsFileMetas":[{"internalName":null,"locationType":"URL","mime":null,"name":null,"url":"https://js.kintone.com/jquery/2.2.4/jquery.min.js"},{"internalName":null,"locationType":"URL","mime":null,"name":null,"url":"https://js.kintone.com/momentjs/2.15.1/moment.min.js"},{"internalName":null,"locationType":"URL","mime":null,"name":null,"url":"https://js.kintone.com/momentjs/2.15.1/moment-with-locales.min.js"},{"internalName":null,"locationType":"URL","mime":null,"name":null,"url":"https://js.kintone.com/openlayers/v3.18.2/ol.js"},{"internalName":null,"locationType":"URL","mime":null,"name":null,"url":"https://js.kintone.com/spinjs/2.3.2/spin.min.js"},{"internalName":null,"locationType":"BLOB","mime":"text/javascript","name":"sample-osmpoint.js","url":null}],"jsType":"DESKTOP"},{"jsFileMetas":[{"internalName":null,"locationType":"URL","mime":null,"name":null,"url":"https://js.kintone.com/jquery/2.2.4/jquery.min.js"},{"internalName":null,"locationType":"URL","mime":null,"name":null,"url":"https://js.kintone.com/momentjs/2.15.1/moment.min.js"},{"internalName":null,"locationType":"URL","mime":null,"name":null,"url":"https://js.kintone.com/momentjs/2.15.1/moment-with-locales.min.js"},{"internalName":null,"locationType":"URL","mime":null,"name":null,"url":"https://js.kintone.com/openlayers/v3.18.2/ol.js"},{"internalName":null,"locationType":"URL","mime":null,"name":null,"url":"https://js.kintone.com/spinjs/2.3.2/spin.min.js"},{"internalName":null,"locationType":"BLOB","mime":"text/javascript","name":"sample-osmpoint.js","url":null}],"jsType":"MOBILE"},{"jsFileMetas":[{"internalName":null,"locationType":"URL","mime":null,"name":null,"url":"https://js.kintone.com/openlayers/v3.18.2/ol.css"},{"internalName":null,"locationType":"BLOB","mime":"text/css","name":"sample-osmpoint.css","url":null}],"jsType":"DESKTOP_CSS"}],"notification":{"appNotifications":[{"events":["RECORD_COMMENT_ADDED"],"target":{"entityId":"7231","entityType":"FIELD_ENTITY","includeSubs":"false"}},{"events":["RECORD_COMMENT_ADDED"],"target":{"entityId":"7232","entityType":"FIELD_ENTITY","includeSubs":"false"}}],"recordNotifications":[],"reminderTimezone":null,"reminders":[],"useComment":"true","useReminder":"false"},"plugin":{"pluginIds":["fdeplpmkengkldpdlaiegpokgmaabkkb"]},"reports":[],"resource":{"tables":[{"rows":[{"fields":[],"objectId":"0","subObjectId":"-1"}],"type":"AppName"},{"rows":[{"fields":[],"objectId":"0","subObjectId":"-1"}],"type":"AppDescription"},{"rows":[{"fields":[],"objectId":"7230","subObjectId":"-1"},{"fields":[],"objectId":"7231","subObjectId":"-1"},{"fields":[],"objectId":"7232","subObjectId":"-1"},{"fields":[],"objectId":"7233","subObjectId":"-1"},{"fields":[],"objectId":"7234","subObjectId":"-1"},{"fields":[],"objectId":"7235","subObjectId":"-1"},{"fields":[],"objectId":"7236","subObjectId":"-1"},{"fields":[],"objectId":"7237","subObjectId":"-1"},{"fields":[],"objectId":"7244","subObjectId":"-1"},{"fields":[],"objectId":"7245","subObjectId":"-1"},{"fields":[],"objectId":"7257","subObjectId":"-1"},{"fields":[],"objectId":"7258","subObjectId":"-1"},{"fields":[],"objectId":"7259","subObjectId":"-1"},{"fields":[],"objectId":"7263","subObjectId":"-1"},{"fields":[],"objectId":"7263","subObjectId":"7260"},{"fields":[],"objectId":"7263","subObjectId":"7261"},{"fields":[],"objectId":"7263","subObjectId":"7262"}],"type":"FieldLabel"},{"rows":[{"fields":[],"objectId":"7247","subObjectId":"-1"},{"fields":[],"objectId":"20","subObjectId":"-1"}],"type":"ViewName"}]},"schema":{"groups":[],"revision":null,"subTable":{},"table":{"fieldList":{"7230":{"id":"7230","label":"Record number","properties":{"noLabel":"false","required":"true"},"type":"RECORD_ID","var":"Record_number"},"7231":{"id":"7231","label":"Updated by","properties":{"noLabel":"false","required":"true"},"type":"MODIFIER","var":"Updated_by"},"7232":{"id":"7232","label":"Name","properties":{"noLabel":"false","required":"true"},"type":"CREATOR","var":"Creator"},"7233":{"id":"7233","label":"Updated datetime","properties":{"noLabel":"false","required":"true"},"type":"MODIFIED_AT","var":"Updated_datetime"},"7234":{"id":"7234","label":"Created datetime","properties":{"noLabel":"false","required":"true"},"type":"CREATED_AT","var":"Created_datetime"},"7235":{"id":"7235","label":"Status","properties":{"noLabel":"false","required":"false"},"type":"STATUS","var":"Status"},"7236":{"id":"7236","label":"Assignee","properties":{"noLabel":"false","required":"false"},"type":"STATUS_ASSIGNEE","var":"Assignee"},"7237":{"id":"7237","label":"Categories","properties":{"noLabel":"false","required":"false"},"type":"CATEGORY","var":"Categories"},"7244":{"id":"7244","label":"Lat","properties":{"defaultValue":"","expression":"","hideExpression":"false","max":null,"min":null,"noLabel":"false","required":"false","unique":"false"},"type":"SINGLE_LINE_TEXT","var":"Lat"},"7245":{"id":"7245","label":"Lng","properties":{"defaultValue":"","expression":"","hideExpression":"false","max":null,"min":null,"noLabel":"false","required":"false","unique":"false"},"type":"SINGLE_LINE_TEXT","var":"Lng"},"7257":{"id":"7257","label":"Title","properties":{"defaultValue":"","expression":"","hideExpression":"false","max":null,"min":null,"noLabel":"false","required":"false","unique":"false"},"type":"SINGLE_LINE_TEXT","var":"Title"},"7258":{"id":"7258","label":"Memo","properties":{"defaultValue":"","noLabel":"false","required":"false"},"type":"MULTIPLE_LINE_TEXT","var":"Memo"},"7259":{"id":"7259","label":"Address","properties":{"defaultValue":"","expression":"","hideExpression":"false","max":null,"min":null,"noLabel":"false","required":"false","unique":"false"},"type":"SINGLE_LINE_TEXT","var":"Address"},"7263":{"id":"7263","label":"Type","properties":{"defaultValue":"7260","noLabel":"false","options":[{"id":"7260","label":"開始","valid":true},{"id":"7261","label":"終了","valid":true},{"id":"7262","label":"休憩","valid":true}],"required":"true"},"type":"SINGLE_CHECK","var":"Radio_Button"}},"id":"1","label":"__ROOT__","var":"__ROOT__"}},"status":{"actions":[],"filters":[],"initialStateId":null,"states":[],"useStatus":"false"},"uuid":"0e1a02b3-8f91-4120-aae9-d7f2cdb045cf","views":[{"advancedMode":"false","builtinType":null,"fields":[{"row":[{"id":"7232"},{"id":"7257"},{"id":"7259"},{"id":"7244"},{"id":"7245"}]}],"filter":{"category":null,"offset":null,"order":["DESC"],"q":null,"size":null,"sort":["f7233"]},"html":null,"keyFieldId":null,"name":"View","pager":null,"revision":null,"titleFieldId":null,"view":"7247","viewType":"LIST"},{"advancedMode":null,"builtinType":"ALL","fields":[{"row":[{"id":"7230"},{"id":"7244"},{"id":"7245"},{"id":"7257"},{"id":"7258"},{"id":"7259"},{"id":"7263"}]}],"filter":{"category":null,"offset":null,"order":[],"q":null,"size":null,"sort":[]},"html":null,"keyFieldId":null,"name":"(All fields)","pager":null,"revision":null,"titleFieldId":null,"view":"20","viewType":"LIST"}]}],"description":"","iconKey":"APP39","iconMeta":null,"iconSrcAppId":"0e1a02b3-8f91-4120-aae9-d7f2cdb045cf","iconType":"PRESET","imagesMeta":[],"lookups":[],"name":"kintone-osmPoint","references":[],"version":"16"}